Workbook

Sheet Puzzle Bank
A1: Starting_Word | B1: Final_Word | C1: Assign_Puzzle_Difficulty | D1: Level_Grouping | E1: Level | F1: Checked? | G1: Puzzle_Date | H1: Creation_Order_for_reference | I1: Start_Length_for_reference | J1: Final_Length_for_reference
A2: ale | B2: medical | C2: 1.95 | D2: =ROUNDDOWN(C2,0) -> 1 | E2: =VLOOKUP(D2,'Level Key'!$A$1:$B$7,2,FALSE) -> beginner | F2: Trial Version | G2: 45820 | H2: 21 | I2: =LEN(A2) -> 3 | J2: =LEN(Table1[[#This Row],[Final_Word]]) -> 7
A3: or | B3: devour | C3: 1.1 | D3: =ROUNDDOWN(C3,0) -> 1 | E3: =VLOOKUP(D3,'Level Key'!$A$1:$B$7,2,FALSE) -> beginner | F3: Yes | G3: 45821 | H3: 13 | I3: =LEN(A3) -> 2 | J3: =LEN(Table1[[#This Row],[Final_Word]]) -> 6
A4: oh | B4: howlers | C4: 1.2 | D4: =ROUNDDOWN(C4,0) -> 1 | E4: =VLOOKUP(D4,'Level Key'!$A$1:$B$7,2,FALSE) -> beginner | F4: Yes | G4: 45822 | H4: 14 | I4: =LEN(A4) -> 2 | J4: =LEN(Table1[[#This Row],[Final_Word]]) -> 7
A5: by | B5: bygone | C5: 2.005 | D5: =ROUNDDOWN(C5,0) -> 2 | E5: =VLOOKUP(D5,'Level Key'!$A$1:$B$7,2,FALSE) -> novice | F5: Yes | G5: 45823 | H5: 15 | I5: =LEN(A5) -> 2 | J5: =LEN(Table1[[#This Row],[Final_Word]]) -> 6
A6: i | B6: splitters | C6: 1.3 | D6: =ROUNDDOWN(C6,0) -> 1 | E6: =VLOOKUP(D6,'Level Key'!$A$1:$B$7,2,FALSE) -> beginner | F6: Yes | G6: 45824 | H6: 16 | I6: =LEN(A6) -> 1 | J6: =LEN(Table1[[#This Row],[Final_Word]]) -> 9
A7: teal | B7: plainest | C7: 2.85 | D7: =ROUNDDOWN(C7,0) -> 2 | E7: =VLOOKUP(D7,'Level Key'!$A$1:$B$7,2,FALSE) -> novice | F7: Yes | G7: 45825 | H7: 17 | I7: =LEN(A7) -> 4 | J7: =LEN(Table1[[#This Row],[Final_Word]]) -> 8
A8: a | B8: restraint | C8: 1.4 | D8: =ROUNDDOWN(C8,0) -> 1 | E8: =VLOOKUP(D8,'Level Key'!$A$1:$B$7,2,FALSE) -> beginner | F8: Yes | G8: 45826 | H8: 18 | I8: =LEN(A8) -> 1 | J8: =LEN(Table1[[#This Row],[Final_Word]]) -> 9
A9: core | B9: contrive | C9: 2.319383 | D9: =ROUNDDOWN(C9,0) -> 2 | E9: =VLOOKUP(D9,'Level Key'!$A$1:$B$7,2,FALSE) -> novice | F9: Yes | G9: 45827 | H9: 189 | I9: =LEN(A9) -> 4 | J9: =LEN(Table1[[#This Row],[Final_Word]]) -> 8
A10: pi | B10: decipher | C10: 2.1 | D10: =ROUNDDOWN(C10,0) -> 2 | E10: =VLOOKUP(D10,'Level Key'!$A$1:$B$7,2,FALSE) -> novice | F10: Yes | G10: 45828 | H10: 20 | I10: =LEN(A10) -> 2 | J10: =LEN(Table1[[#This Row],[Final_Word]]) -> 8
A11: by | B11: blurry | C11: 1 | D11: =ROUNDDOWN(C11,0) -> 1 | E11: =VLOOKUP(D11,'Level Key'!$A$1:$B$7,2,FALSE) -> beginner | F11: Trial Version | G11: 45829 | H11: 12 | I11: =LEN(A11) -> 2 | J11: =LEN(Table1[[#This Row],[Final_Word]]) -> 6
A12: an | B12: nation | C12: 2.001 | D12: =ROUNDDOWN(C12,0) -> 2 | E12: =VLOOKUP(D12,'Level Key'!$A$1:$B$7,2,FALSE) -> novice | F12: Yes | G12: 45830 | H12: 22 | I12: =LEN(A12) -> 2 | J12: =LEN(Table1[[#This Row],[Final_Word]]) -> 6
A13: is | B13: despotic | C13: 3.1029 | D13: =ROUNDDOWN(C13,0) -> 3 | E13: =VLOOKUP(D13,'Level Key'!$A$1:$B$7,2,FALSE) -> expert | F13: Trial Version | G13: 45831 | H13: 23 | I13: =LEN(A13) -> 2 | J13: =LEN(Table1[[#This Row],[Final_Word]]) -> 8
... A269: skin | B269: sneaking | C269: 999.0094 | D269: =ROUNDDOWN(C269,0) -> 999 | E269: =VLOOKUP(D269,'Level Key'!$A$1:$B$7,2,FALSE) -> TESTING / LEVEL UNASSIGNED | F269: Yes | G269: 46087 | H269: 287 | I269: =LEN(A269) -> 4 | J269: =LEN(Table1[[#This Row],[Final_Word]]) -> 8
A270: sea | B270: stale | C270: 0.01 | D270: =ROUNDDOWN(C270,0) -> 0 | E270: =VLOOKUP(D270,'Level Key'!$A$1:$B$7,2,FALSE) -> rookie | F270: Yes | H270: 1 | I270: =LEN(A270) -> 3 | J270: =LEN(Table1[[#This Row],[Final_Word]]) -> 5
A271: ice | B271: since | C271: 0.011 | D271: =ROUNDDOWN(C271,0) -> 0 | E271: =VLOOKUP(D271,'Level Key'!$A$1:$B$7,2,FALSE) -> rookie | F271: Trial Version | H271: 2 | I271: =LEN(A271) -> 3 | J271: =LEN(Table1[[#This Row],[Final_Word]]) -> 5
A272: ar | B272: racer | C272: 0.012 | D272: =ROUNDDOWN(C272,0) -> 0 | E272: =VLOOKUP(D272,'Level Key'!$A$1:$B$7,2,FALSE) -> rookie | F272: Yes | H272: 3 | I272: =LEN(A272) -> 2 | J272: =LEN(Table1[[#This Row],[Final_Word]]) -> 5
A273: in | B273: diner | C273: 0.02 | D273: =ROUNDDOWN(C273,0) -> 0 | E273: =VLOOKUP(D273,'Level Key'!$A$1:$B$7,2,FALSE) -> rookie | F273: Trial Version | H273: 4 | I273: =LEN(A273) -> 2 | J273: =LEN(Table1[[#This Row],[Final_Word]]) -> 5
A274: it | B274: think | C274: 0.03 | D274: =ROUNDDOWN(C274,0) -> 0 | E274: =VLOOKUP(D274,'Level Key'!$A$1:$B$7,2,FALSE) -> rookie | F274: Yes | H274: 5 | I274: =LEN(A274) -> 2 | J274: =LEN(Table1[[#This Row],[Final_Word]]) -> 5
A275: oh | B275: mouth | C275: 0.06 | D275: =ROUNDDOWN(C275,0) -> 0 | E275: =VLOOKUP(D275,'Level Key'!$A$1:$B$7,2,FALSE) -> rookie | F275: Yes | H275: 129 | I275: =LEN(A275) -> 2 | J275: =LEN(Table1[[#This Row],[Final_Word]]) -> 5
A276: sip | B276: spire | C276: 0.1 | D276: =ROUNDDOWN(C276,0) -> 0 | E276: =VLOOKUP(D276,'Level Key'!$A$1:$B$7,2,FALSE) -> rookie | F276: Yes | H276: 6 | I276: =LEN(A276) -> 3 | J276: =LEN(Table1[[#This Row],[Final_Word]]) -> 5
A277: us | B277: bushy | C277: 0.2 | D277: =ROUNDDOWN(C277,0) -> 0 | E277: =VLOOKUP(D277,'Level Key'!$A$1:$B$7,2,FALSE) -> rookie | F277: Yes | H277: 7 | I277: =LEN(A277) -> 2 | J277: =LEN(Table1[[#This Row],[Final_Word]]) -> 5
A278: as | B278: scared | C278: 0.3 | D278: =ROUNDDOWN(C278,0) -> 0 | E278: =VLOOKUP(D278,'Level Key'!$A$1:$B$7,2,FALSE) -> rookie | F278: Yes | H278: 8 | I278: =LEN(A278) -> 2 | J278: =LEN(Table1[[#This Row],[Final_Word]]) -> 6
A279: at | B279: crater | C279: 0.4 | D279: =ROUNDDOWN(C279,0) -> 0 | E279: =VLOOKUP(D279,'Level Key'!$A$1:$B$7,2,FALSE) -> rookie | F279: Yes | H279: 9 | I279: =LEN(A279) -> 2 | J279: =LEN(Table1[[#This Row],[Final_Word]]) -> 6
A280: be | B280: edible | C280: 0.7 | D280: =ROUNDDOWN(C280,0) -> 0 | E280: =VLOOKUP(D280,'Level Key'!$A$1:$B$7,2,FALSE) -> rookie | F280: Yes | H280: 102 | I280: =LEN(A280) -> 2 | J280: =LEN(Table1[[#This Row],[Final_Word]]) -> 6
A281: can | B281: arcane | C281: 0.8 | D281: =ROUNDDOWN(C281,0) -> 0 | E281: =VLOOKUP(D281,'Level Key'!$A$1:$B$7,2,FALSE) -> rookie | F281: Yes | H281: 121 | I281: =LEN(A281) -> 3 | J281: =LEN(Table1[[#This Row],[Final_Word]]) -> 6
... A284: pal | B284: player | C284: 0.95 | D284: =ROUNDDOWN(C284,0) -> 0 | E284: =VLOOKUP(D284,'Level Key'!$A$1:$B$7,2,FALSE) -> rookie | F284: Yes | H284: 11 | I284: =LEN(A284) -> 3 | J284: =LEN(Table1[[#This Row],[Final_Word]]) -> 6

Sheet Level Key
A1: Difficulty Level | B1: Level
A2: 0 | B2: rookie
A3: 1 | B3: beginner
A4: 2 | B4: novice
A5: 3 | B5: expert
A6: 4 | B6: wordsmith
A7: 999 | B7: TESTING / LEVEL UNASSIGNED
